SID,Goats ID,Name,Pregnant,Last I-DW,Last I-DW Date,Dose,I-DW Follow-up,Next I-DW Date,Last E-DW,Last E-DW Date,Dose 1,Next E-DW Date
1,1 (https://app.notion.com/p/1-25d2fab8a40580519af3f18b35364297?pvs=21),Gulabo,No,Deviser Plus,"March 2, 2026",10ml,No,"May 31, 2026",Unimec Plus,"March 7, 2026",1cc,"June 2, 2026"
2,3 (https://app.notion.com/p/3-25d2fab8a40580fb99c6ced201efc7da?pvs=21),Bilo Rani,No,Deviser Plus,"March 2, 2026",5ml,No,"May 31, 2026",Unimec Plus,"March 7, 2026",1cc,"June 2, 2026"
3,6 (https://app.notion.com/p/6-25d2fab8a40580d292efc90b8cf6b554?pvs=21),Gurdya,Yes,Deviser Plus,"March 2, 2026",5ml,No,"May 31, 2026",Unimec Plus,"March 7, 2026",1cc,"June 2, 2026"
4,7 (https://app.notion.com/p/7-25d2fab8a4058011b0c6ca5b77323918?pvs=21),Choti Sheezadi,Yes,Deviser Plus,"March 2, 2026",5ml,No,"May 31, 2026",Unimec Plus,"March 7, 2026",1cc,"June 2, 2026"
5,8 (https://app.notion.com/p/8-25d2fab8a40580d1bbd1f40afcbd720e?pvs=21),Cheeku,No,Nilzan Plus,"August 2, 2025",5ml,No,"October 31, 2025",Unimec Plus,"September 11, 2025",1cc,"November 2, 2025"
6,9 (https://app.notion.com/p/9-25d2fab8a40580bab759edd30ae43375?pvs=21),Brownie,No,Nilzan Plus,"July 23, 2025",10ml,No,"October 21, 2025",Unimec Plus,"September 11, 2025",1cc,"October 23, 2025"
7,11 (https://app.notion.com/p/11-25d2fab8a40580b0a84ee49c48b9592a?pvs=21),Lallo,No,Deviser Plus,"June 15, 2026",10ml,No,"September 13, 2026",Unimec Plus,"September 11, 2025",1cc,"September 15, 2026"
8,12 (https://app.notion.com/p/12-25d2fab8a405807fad18cfc7c7fb677d?pvs=21),Shezada,No,Punch,"September 12, 2025",2ml,No,"December 11, 2025",Unimec Plus,"September 16, 2025",0.5cc,"December 13, 2025"
10,16 (https://app.notion.com/p/16-25d2fab8a40580358006e95ebe9c7d64?pvs=21),Paro,No,Deviser Plus,"June 15, 2026",15ml,No,"September 13, 2026",Unimec Plus,"March 7, 2026",1cc,"September 15, 2026"
12,19 (https://app.notion.com/p/19-25d2fab8a4058006ac36c60d84b9ab81?pvs=21),Titli,Yes,Deviser Plus,"March 2, 2026",3ml,No,"May 31, 2026",Unimec Plus,"March 7, 2026",0.5cc,"June 2, 2026"
13,20 (https://app.notion.com/p/20-25d2fab8a40580c4b381dcaa95c0a3e4?pvs=21),Emma,No,Deviser Plus,"March 2, 2026",10ml,No,"May 31, 2026",Unimec Plus,"March 7, 2026",1cc,"June 2, 2026"
14,22 (https://app.notion.com/p/22-27a2fab8a4058036875affb07b74deed?pvs=21),Chocolate,No,Deviser Plus,"March 2, 2026",5ml,No,"May 31, 2026",Unimec Plus,"March 7, 2026",1cc,"June 2, 2026"
15,23 (https://app.notion.com/p/23-27d2fab8a40580a79bc6d873b91815bf?pvs=21),Velvet,No,Deviser Plus,"May 15, 2026",5ml,No,"August 13, 2026",Unimec Plus,"March 7, 2026",1cc,"August 15, 2026"
16,24 (https://app.notion.com/p/24-2862fab8a40580da83f5cb98d3868613?pvs=21),Grace,Yes,Deviser Plus,"April 21, 2026",10ml,No,"July 20, 2026",,,,"July 22, 2026"
18,27 (https://app.notion.com/p/27-2922fab8a40580c2a8c3faa4631cb880?pvs=21),Bubbly,No,Deviser Plus,"March 2, 2026",6ml,No,"May 31, 2026",Unimec Plus,"March 7, 2026",1cc,"June 2, 2026"
21,30 (https://app.notion.com/p/30-2a12fab8a405803dab73fcfd5d81bce6?pvs=21),Queen,No,,,,No,,,,,
22,33 (https://app.notion.com/p/33-2fb2fab8a4058071aaacd18c74d03038?pvs=21),Masakali,No,Deviser Plus,"June 15, 2026",10ml,No,"September 13, 2026",Unimec Plus,"June 21, 2026",1ml,"September 15, 2026"
23,34 (https://app.notion.com/p/34-2fb2fab8a40580adbc77f577dec20a4b?pvs=21),Coco,No,,,,No,,,,,
24,36 (https://app.notion.com/p/36-3022fab8a405800e8486e3d5c3a2b99e?pvs=21),Daisy,No,,,,No,,,,,
25,38 (https://app.notion.com/p/38-30e2fab8a40580e6a861e86b1dc03f6f?pvs=21),Bruno,No,,,,No,,,,,
26,39 (https://app.notion.com/p/39-30e2fab8a405807a97c2d2378c6c94f9?pvs=21),Leo,No,,,,No,,,,,
27,40 (https://app.notion.com/p/40-31a2fab8a405803dbba6d4d5efe69ee6?pvs=21),Bhola,No,,,,No,,,,,
29,42 (https://app.notion.com/p/42-3352fab8a40580c19b92d690146c1824?pvs=21),Charcoal,Yes,,,,No,,,,,
30,43 (https://app.notion.com/p/43-3432fab8a4058017b15ed83561719261?pvs=21),Cadbury,No,,,,No,,,,,
31,44 (https://app.notion.com/p/44-35d2fab8a40580a7a9a0f8653e0a713a?pvs=21),Babblu,No,,,,No,,,,,
32,45 (https://app.notion.com/p/45-36b2fab8a40580148162fca79911d121?pvs=21),Toffee,No,,,,No,,,,,
33,46 (https://app.notion.com/p/46-3772fab8a40580feb936dec2bf8b47bd?pvs=21),Munni,No,Thunder,"July 14, 2026",4ml,No,"October 12, 2026",Unimec Plus,"July 1, 2026",1ml,"October 14, 2026"
34,47 (https://app.notion.com/p/47-37d2fab8a405808d905cfcc8b2463ae1?pvs=21),Shelby,No,Deviser Plus,"June 15, 2026",15ml,No,"September 13, 2026",Unimec Plus,"June 21, 2026",2ml,"September 15, 2026"