Date,Item,Quantity,Total,Monis,Saad,Monis Advance,Notes
08-July-2024,2x2 Pallets,16,40000,,40000,,
08-July-2024,Feeder,1,3500,,3500,,
25-July-2024,Gulabi Bakri Pat (Lal),1,35000,,35000,,
29-July-2024,Nilzan Plus,100ml,700,,700,,
08-August-2024,Ivomec,2cc,500,,500,,
19-August-2024,Wanda,20kg,3000,,3000,,
19-August-2024,Alfalfa,40kg,5000,,5000,,
19-August-2024,Delivery,-,600,,600,,
31-August-2024,Double Pasa Bakri (Shop Neighbor),1,32000,,32000,,
02-September-2024,Wanda,60kg,9000,,9000,,
02-September-2024,Delivery,-,600,,600,,
27-September-2024,Wanda,20kg,3000,,3000,,
27-September-2024,Alfalfa,40kg,5000,,5000,,
27-September-2024,Delivery,-,800,,800,,
26-October-2024,Paid Goatherd,-,5000,,5000,,
31-October-2024,Wanda,40kg,6000,,6000,,
31-October-2024,Alfalfa,20kg,2500,,2500,,
31-October-2024,Delivery,-,800,,800,,
20-November-2024,Paid Goatherd,-,5000,,5000,,
28-November-2024,Wanda,60kg,3500,,3500,,6000 - 2500 (return)
28-November-2024,Delivery,-,500,,500,,
16-December-2024,Wanda,40kg,6000,,6000,,
16-December-2024,Delivery,-,545,,545,,
31-December-2024,Wanda,60kg,9000,,9000,,
31-December-2024,Delivery,-,650,,650,,
20-January-2025,Wanda,60kg,9000,,9000,,
20-January-2025,Alfalfa,20kg,2000,,2000,,
20-January-2025,Delivery,-,800,,800,,
01-February-2025,Cement Roof,-,15000,,15000,,
05-February-2025,Material + Electrician,-,15000,,15000,,
05-February-2025,Goat Crossing - 1 Month Palai,-,20000,20000,,,
05-February-2025,Abluk Teddy,1,38000,38000,,,
05-February-2025,Gulabi Teddy (Yellow Eyes),1,53000,,53000,,
08-February-2025,Abluk Gulabi (6 Months),1,-,-,-,,105000 For Monis Qurbani
19-February-2025,Teddy Female (4 Months),1,50000,35000,15000,,
20-February-2025,Dana,-,2000,,2000,,
24-February-2025,Alfalfa,25kg,2850,,2850,,Half
02-March-2025,Goat Dana,-,2210,,2210,,Half
07-March-2025,Gulabi Teddy (Yellow Eyes) Died,-,-,,-,,
07-March-2025,PPR Vaccine,2 Goats,500,,500,,Half
05-March-2025,1 Month Palai,-,20000,20000,,,
09-March-2025,500 Ltrs Water Tank,1,8000,,8000,,
09-March-2025,ETV Vaccine + 2 Injections,-,500,,500,,Half
13-March-2025,Received from Monis,-,,10000,,10000,Plus 25000 for Shamo Chicks
19-March-2025,Goat Dana,20kg,2600,,2600,,
19-March-2025,Soyabean,1kg,90,,90,,
19-March-2025,Alfalfa,20kg,2600,,2600,,Half
23-March-2025,4 Month Yellow Eye Teddy + 3 Month White Eye Teddy,2,75000,35000,40000,,
24-March-2025,Newborn Baby Goat (Male),1,-,-,-,,Abluk Teddy White Eyes
25-March-2025,2x2 Pallets,28,70000,35000,35000,,Monis sent on 14-Feb-2025
25-March-2025,"Goat Cage and Box (Wood, Gola, Grill, Sheet, Carpenter)",-,10100,,10100,,
26-March-2025,Plastic Gallons,4,1200,,1200,,
30-March-2025,Paid Goatherd (18 Days),-,13200,,13200,,
02-April-2025,Goat Feed & Water,-,500,,500,,
03-April-2025,Received from Monis,-,,10000,,10000,
03-April-2025,Alfalfa,45kg,3500,,3500,,Half
03-April-2025,Chilka,50kg,6200,,6200,,
03-April-2025,Gandum,25kg,1850,,1850,,Half
03-April-2025,Chokar,34kg,2400,,2400,,
7-April-2025,Received from Monis,-,,5000,,5000,
9-April-2025,Delivery for pallets,-,3500,,3500,,
13-April-2025,"Concrete work (tanki, cages & shower area)
Blocks",80,3600,,3600,,
13-April-2025,Suzuki raiti,1,3000,,3000,,
13-April-2025,Cement ,3,3900,,3900,,
13-April-2025,2x2 Cement Slabs + 4 feet lanter,2 + 1,2400,,2400,,
13-April-2025,2 days labour (1 mistri & 1 mazdoor),-,8000,,8000,,
19-April-2025,Received from Monis ,-,,12000,,12000,
20-April-2025,Alfalfa hay,65kg,6500,,6500,,Half
20-April-2025,ETV + Ivomec super,-,750,,750,,Half
26-April-2025,Pallets frame old samaan,-,10400,,10400,,
26-April-2025,Pallets frame new samaan,-,16400,,16400,,
26-April-2025,Labour,-,9000,,9000,,
30-April-2025,Paid Goatherd,-,22000,,22000,,
30-April-2025,Recieved from Monis,-,,10000,,10000,
1-May-2025,Drainage pipe samaan,-,4650,,4650,,
1-May-2025,Labour,-,1500,,1500,,
1-May-2025,"3 small, 2 large belts and 2 ropes",7,1500,,1500,,
2-May-2025,Gulabo and Bebo Ultrasound,-,2000,,2000,,
12-May-2025,Recieved from Monis,-,,12000,,12000,25000 for abluk tedda
12-May-2025,Lal abluk teddy male,-,25000,25000,,,Remaining 25000
17-May-2025,Chilka,50kg,5000,,5000,,
17-May-2025,Chokar,34kg,2200,,2200,,
17-May-2025,Alfalfa,25kg,2500,,2500,,Half
18-May-2025,"Nilzan Plus, belt, ATS",-,1000,,1000,,
18-May-2025,Bulbul crossed with Anas gulabi tedda breeder,-,-,-,-,,
20-May-2025,Lal abluk teddy male remaining,-,25000,25000,,,
21-May-2025,Water,1,600,,600,,Half
21-May-2025,Ajrak passa teddy female 10 months token,-,4000,4000,,,44000/- Total 4000/- remaining
22-May-2025,Ajrak passa teddy female 10 months remaining,-,40000,40000,,,
24-May-2025,Live stock shampoo + delivery,4ltr,1500,,1500,,
29-May-2025,12v Fan + adapter + wiring,1,3000,,3000,,
29-May-2025,Water,300ltr,350,,350,,Half
31-May-2025,Chilka,60kg,8100,,8100,,
31-May-2025,Chokar,34kg,2250,,2250,,
31-May-2025,Alfalfa,40kg,4000,,4000,,Half
31-May-2025,Paid goatherd ,.,22000,,22000,,
14-June-2025,Recieved from Monis,-,,35000,,35000,
14-June-2025,Lal pandi gaban 4 month,-,60000,60000,,,55000 Remaining
19-June-2025,Lal pandi give birth to kid,1,-,-,-,,
23-June-2025,ETV Vacine,-,2100,,2100,,
27-June-2025,Alfalfa,200kg,20000,,20000,,
27-June-2025,Delivery ,-,1500,,1500,,
29-June-2025,Water,1200ltr,1500,,1500,,
1-July-2025,Paid Goatherd,-,22000,,22000,,
7-July-2025,Gandum,120kg,8500,,8500,,
7-July-2025,Delivery karachi,-,1500,,1500,,
8-July-2025,Lal pandi remaining,-,55000,55000,,,
12-July-2025,Roof gadars + pipes,-,46200,,46200,,
12-July-2025,Delivery,-,1200,,1200,,
12-July-2025,Paid goat shearer,-,3500,,3500,,
13-July-2025,Chilka,40kg,5200,,5200,,
13-July-2025,Chokar,34kg,1850,,1850,,
13-July-2025,Delivery,-,1500,,1500,,
14-July-2025,Recieved from Monis,-,,20000,,20000,
14-July-2025,Bulbul ultrasound,-,1000,,1000,,
15-July-2025,Medicine for bulbul,-,900,,900,,
15-July-2025,Water,-,700,,700,,
18-July-2025,Gurdya cross with chatni breeder,-,-,,-,,
20-July-2025,Welding labour,-,7000,,7000,,
21-July-2025,Fibro care syrup,1,600,,600,,
21-July-2025,Mineral mixture,3kg,1200,,1200,,
21-July-2025,TCP,3kg,1050,,1050,,
21-July-2025,Toxin binder,3kg,1650,,1650,,
21-July-2025,Bypass fat,3kg,2400,,2400,,
21-July-2025,Delivery,-,225,,225,,
25-July-2025,Recieved from Monis,-,,10000,,10000,
25-July-2025,Bebo doctor,-,3500,,3500,,
26-July-2025,Bebo died,-,-,,-,,
26-July-2025,Gulabo gave birth to 2 male kids,-,-,,-,,
26-July-2025,Cement roof (6x7ft + 5x8ft) and 35xred tiles,-,34000,,34000,,
26-July-2025,Delivery,-,2700,,2700,,
26-July-2025,Delivery,,3000,,3000,,Return and Re-Delivery
27-July-2025,Udder kapre,3,1200,,1200,,
27-July-2025,"Danda, supri, janter",-,1000,,1000,,
27-July-2205,Hooks,-,1500,,1500,,
27-July-2385,Labour,-,2500,,2500,,
28-July-2025,Gulabo 1 kid died,-,-,,-,,
28-July-2025,Lal abluk bissar 6 month,-,45000,45000,,,
28-July-2025,Block + Cement,-,6400,,6400,,
29-July-2025,Gulabo other kid doctor,-,500,,500,,
29-July-2025,Gualbo other kid also died,-,-,,-,,
29-July-2025,Paid Goatherd,-,25000,,25000,,
29-July-2025,Blocks + Raiti + Cement,-,8600,,8600,,
29-July-2025,Slabs,4,3000,,3000,,
30-July-2025,Recieved from Monis,-,,3000,,3000,
30-July-2025,Lal abluk bissar and 2 female teddy delivery to Anas,-,3500,,3500,,
30-July-2025,Cement + Blocks + Rawal bolts,-,3760,,3760,,
30-July-2025,Labour,-,8000,,8000,,
30-July-2025,Water + syringe,-,1000,,1000,,
30-July-2025,Recieved from Monis,-,,30000,,30000,
31-July-2025,Jali + Cement + Raiti + square pipe + Beem,-,6600,,6600,,
31-July-2025,Mistri,-,2500,,2500,,
31-July-2025,Welding labour,-,4000,,4000,,
31-July-2025,Bulbul and choti shezadi crossed with Anas breeders,-,-,,-,,
1-August-2025,Mustard Oil,1 ltr,1000,,1000,,
1-August-2025,Pateri goat (Asad goat farm) delivery,-,2500,2000,500,,Returned due to goat injury
1-August-2025,Recieved from Monis,-,,38000,,38000,
1-August-2025,Recieved from Monis,-,,10000,,10000,
2-August-2025,Boxes for water,3,1950,,1950,,
2-August-2025,Nilzan Plus,-,700,,700,,
2-August-2025,Gulabi double passa female (Lal goat farm),-,100400,,100400,,Almost 6 teeth and 4 month gabban
2-August-2025,Mumtaz bhai for jantar,-,1000,,1000,,
3-August-2025,Feed manager (3.5 feet) Khurli,3,10500,,10500,,
3-August-2025,Delivery,-,580,,580,,
3-August-2025,Nipples (imported),5,750,,750,,
6-August-2025,Welding labour,-,5000,,5000,,
7-August-2025,Kundi + goli qabza,-,2120,,2120,,
7-August-2025,Square pipes,-,40000,,40000,,
11-August-2025,Welding labour,-,5000,,5000,,
12-August-2025,Square pipes,-,8000,,8000,,
12-August-2025,Chilka,80kg,9600,,9600,,
12-August-2025,Chokar,40kg,2177,,2177,,
12-August-2025,Channa atti,10kg,1300,,1300,,
12-August-2025,Khal banola,2kg,160,,160,,
12-August-2025,Soyabean chilka,10kg,550,,550,,
15-August-2025,Square pipes,-,22450,,22450,,
16-August-2025,Kundi + qabza,-,2000,,2000,,
16-August-2025,Ajrak abluk tapra (8 months),-,81000,81000,,,
17-August-2025,Paint material,-,8800,,8800,,
18-August-2025,Chambali died,-,-,,-,,
18-August-2025,Paint,2,2200,,2200,,
18-August-2025,Jantar,-,1000,,1000,,
19-August-2025,Dr. rustum vet,-,3000,,3000,,
19-August-2025,Vitamic C and panadol,-,720,,720,,
20-August-2025,Welding labour,-,8000,,8000,,
20-August-2025,Paint labour,-,8000,,8000,,
21-August-2025,Conaz lotion + Hydrozole cream,-,1521,,1521,,
21-August-2025,Kali chambi tapri,-,40000,40000,,,
24-August-2025,Water,600ltr,700,,700,,
25-August-2025,Bilo rani crossed with biscuit,-,-,,-,,
27-August-2025,Black abluk teddy seeng female (titli) (3 months),-,41000,41000,,,
27-August-2025,Delivery,-,6500,,6500,,
27-August-2025,Recieved from Monis,-,,17500,,17500,
27-August-2025,Paid Goatherd,-,25000,,25000,,
27-August-2025,Jantar + carminative mixture,-,1250,,1250,,
30-August-2025,LED bulb + ORS box + Medicines,-,2000,,2000,,
2-September-2025,Monis share (Awais's 2 goats palai),-,,7000,,7000,Half (7000 per goat palai)
5-Spetember-2025,Water + jantar + ghee,-,2500,,2500,,
6-September-2025,"Unimec plus, Butter milk, Carminative mixture, punch, thunder, needles, syringe small, syringe 50ml, SS nozel, bands",-,6830,,6830,,
9-September-2025,Recieved from Monis,-,,40000,,40000,
11-September-2025,Chilka + Chokar + Atti + Delivery,80kg + 40kg + 10kg,15000,,15000,,
22-September-2025,Doctor (Awais abluk tapra) ,-,3000,,3000,,
22-September-2025,Jantar + mics,-,2000,,2000,,
22-September-2025,ORS + Drip,-,500,,500,,
22-September-2025,Awais bhai abluk teddy (AMA) crossed with hero,-,-,,-,,
22-September-2025,Masakali crossed with brownei and hero,-,-,,-,,
22-September-2025,Recieved from Monis,-,,10000,,10000,
23-September-2025,Doctor (Awais abluk tapra + castration of biscuit),-,4000,,4000,,
23-September-2025,ORS,-,1000,,1000,,
23-September-2025,Delivery for red abluk teddy (chocolate),-,2500,,2500,,
23-September-2025,Gulabo crossed with hero,-,-,,-,,
24-September-2025,Awais bhai's black abluk tapra slautered,-,-,,-,,
28-September-2025,Paro gives birth to a female kid,-,-,,-,,"Paro give 2 kids, one (Female) is healthy and otherone was immature (incomplete)"
28-September-2025,Jantar,-,2000,,2000,,
1-October-2025,Paid Goatherd,-,25000,,25000,,
1-October-2025,Monis share (Awais's 2 goats palai),-,,7000,,7000,Half (7000 per goat palai)
4-October-2025,Butter + Delivery,2kg,1900,,1900,,
4-October-2025,Jantar,-,2000,,2000,,
5-October-2025,Chilka + Chokar + Gandum,120kg + 68kg + 50kg,23900,,23900,,
5-October-2025,Delivery,-,1500,,1500,,
5-October-2025,Bilo rani crossed with brownie,-,-,,-,,
7-October-2025,Recieved from Monis,-,,10000,,10000,
10-October-2025,Monis share (Awais's 2 goats palai),-,,5000,,5000,Half (5000 per goat palai)
10-October-2025,Awais bhai's black abluk tapri (Bella) crossed with hero,-,-,,-,,
13-October-2025,Black ajrak abluk gualbi/bissar male long ears.,-,-,,-,,Purchased for monis bhai's qurbani 55000/-
13-October-2025,Leg bands,2,500,,500,,
13-October-2025,Jantar,-,2500,,2500,,
19-October-2025,Brown abluk ajrak female 4 months (Faheem goat farm),-,40000,40000,,,
20-October-2025,Masakali Died,-,-,,-,,
20-October-2025,Alfalfa + Rhode grass mix,200kg,17500,,17500,,
20-October-2025,Delivery,-,3500,,3500,,
28-October-2025,Recieved from Monis,-,,5000,,5000,
28-October-2025,PPR + Loxin + Syringes,-,2750,,2750,,
29-October-2025,Salt + strings (3),-,900,,900,,
30-October-2025,Water,-,1000,,1000,,
30-October-2025,Paid Goatherd,-,25000,,25000,,
1-November-2025,Bulbul X-Ray,-,2000,,2000,,
1-November-2025,"Teddy female, fone color, short ear, seeng, 1.5 months crossed with ajrak tedda",-,70000,70000,,,
2-November-2025,Medicines: Jetepar + lysovit + panadol,3 + 4 + 6,2100,,2100,,
2-November-2025,Chana Chilka,120kg,13200,,13200,,
2-November-2025,Soyabean Chilka,50kg,3000,,3000,,
2-November-2025,Chokar,102kg,7050,,7050,,
2-November-2025,Gandum,50kg,5500,,5500,,
2-November-2025,Delivery,-,1500,,1500,,
2-November-2025,Monis share (Awais's 4 goats palai),-,,14000,,14000,
5-November-2025,Sent to Monis,-,,-4000,,-4000,
10-November-2025,Mega-VMIX,25kg,13500,,13500,,
10-November-2025,Gur,5kg,1500,,1500,,
10-November-2025,Vet charges for gurdya 1st day,-,7500,,7500,,
11-November-2025,Vet charges for gurdya 2nd day,-,1500,,1500,,
12-November-2025,Green canvas tarpaulin,51 yard,15000,,15000,,
12-November-2025,Delivery charges,-,400,,400,,
12-November-2025,Vet charges for gurdya 3rd day,-,1500,,1500,,
12-November-2025,Monis share (Arsalan's 2 goats palai),-,,7000,,7000,
14-November-2025,Water and misc,-,2500,,2500,,
21-Novemeber-2025,Butter + Delivery,2kg,1900,,1900,,
2-December-2025,Monis share (Awais's 4 goats palai),-,,14000,,14000,
3-December-2025,Paid Goatherd,-,25000,,25000,,
4-December-2025,Monis share (Arsalan's 2 goat palai),-,,7000,,7000,
4-December-2025,Water and misc,-,1000,,1000,,
13-December-2025,Khal + Bussa,-,2000,,2000,,
14-December-2025,Recieved from Monis,-,,10000,,10000,
15-December-2025,Chilka,60kg,7800,,7800,,
15-December-2025,Chokar,34kg,2800,,2800,,
15-December-2025,Butter Milk,1kg,1550,,1550,,
15-December-2025,Khal,10kg,1000,,1000,,
15-December-2025,Gandum,10kg,1150,,1150,,
15-December-2025,Kala Chana,2kg,500,,500,,
15-December-2025,Delivery,-,1000,,1000,,
15-December-2025,Black abluk tapra male kid (2 months),-,38000,38000,,,
17-December-2025,Khur making (all goats),22,4000,4000,,,
19-December-2025,Recieved from Monis,-,,5000,,5000,
22-December-2025,Barseen,-,1500,,1500,,
24-December-2025,Paid Goatherd,-,25000,,25000,,
25-December-2025,Hero castration,-,1500,,1500,,
25-December-2025,Barseen,-,2000,,2000,,
26-December-2025,Bulbul Slaughtered,-,-,,-,,
26-December-2025,Barseen,-,2000,,2000,,
30-December-2025,Barseen,-,2000,,2000,,
31-December-2025,Recieved from Monis,-,,10000,,10000,
31-December-2025,Channa Chilka,120kg,15600,,15600,,
31-December-2025,Soyabean Chilka,50kg,3400,,3400,,
31-December-2025,Chokar,102kg,7800,,7800,,
31-December-2025,Gandum,50kg,5500,,5500,,
31-December-2025,Delivery,-,1200,,1200,,
31-December-2025,Water,-,800,,800,,
1-January-2026,Cholate gave birth to black abluk female kid,-,-,,-,,
1-January-2026,Monis share (Awais's 4 goats palai),,,14000,,14000,
2-January-2026,Chocolate vet fees,-,3500,,3500,,
5-January-2026,Barseen,-,1500,,1500,,
5-January-2026,Recieved from Monis,-,,3500,,3500,
7-January-2026,Birds adjustment,-,,-17642,,-17642,
7-January-2026,Recieved from Monis,-,,6000,,6000,
7-January-2026,Khal + Kala Channa + Delivery,10kg + 5kg,,2500,,2500,
7-January-2026,Rock Salt,-,500,,500,,
9-January-2026,Barseen,-,2000,,2000,,
13-January-2026,Choti sheezadi gave still borth,-,-,,-,,
14-January-2026,Barseen,-,2000,,2000,,
15-January-2025,Recieved from Monis,-,,20000,,20000,
16-January-2026,Teddy Lal chambi female round seeng (fazeel) crossed with marco,-,50000,50000,,,
16-January-2026,Teddy Commando ajruk female large seeng and ear (fazeel) crossed with marco,-,46000,46000,,,
16-January-2026,Both goats delivery,-,2000,2000,,,
19-January-2026,Paid Goatherd,-,10000,,10000,,Needed
21-January-2026,Barseen,-,3000,,3000,,Not recieved
22-January-2026,Barseen,-,2000,,2000,,
27-January-2026,Feed manager (3.5 feet) Khurli,2,7000,,7000,,
27-January-2026,Delivery,-,1300,,1300,,
30-January-2026,"Black abluk teddy male, mostly white munda 5 months (danish boss)",-,-,,-,,Purchased for monis bhai's qurbani 30000/-
31-January-2026,Boxes for water,3,1950,,1950,,
31-January-2026,Kala Chilka,160kg,19600,,19600,,
31-January-2026,Soyabean Chilka,45kg,3060,,3060,,
31-January-2026,Chokar,102kg,6300,,6300,,
31-January-2026,Gandum,50kg,6300,,6300,,
31-January-2026,Khal,10kg,1100,,1100,,
31-January-2026,Delivery,-,1300,,1300,,
31-January-2026,Khurli,-,7000,,7000,,
31-January-2026,Belts,3,500,,500,,
31-January-2026,Trimmer,1,5500,,5500,,
31-January-2026,Delivery,-,1500,,1500,,
31-January-2026,Chains,4,1200,,1200,,
31-January-2026,Butter milk,2kg,3000,,3000,,
31-January-2026,Kala Chana,10kg,2400,,2400,,
31-January-2026,Farvet Vitamin AD3E,50ml,1300,,1300,,
31-January-2026,Delivery,-,300,,300,,
31-January-2026,Barseen,-,3000,,3000,,
1-February-2026,Monis share (Awais's 4 goats palai),-,,14000,,14000,
2-February-2026,Recieved from Monis,-,,20000,,20000,
2-February-2026,Paid Goatherd,-,15000,,15000,,
2-February-2026,"Ultrasound for grace, bella, lal chambi round seeng and ajrak commando large seeng",4,4000,,4000,,
2-February-2026,Monis share (Arsalan 2 goats 2 months palai),-,,14000,,14000,
3-February-2026,Delievery chages for grace and lallo to chatni,-,3500,3500,,,
6-February-2026,Barseen,-,2000,,2000,,
9-February-2026,AMA give birth to brown abluk female bissar with mostly white and patches on neck and back legs,-,-,,-,,
9-February-2026,Barseen,-,2000,,2000,,
13-February-2026,Recieved from Monis,-,,30000,,30000,For CCTV cameras
13-February-2026,Brown abluk female teddy fone color with bended ears (Crowssed with ajrak breeder),-,30000,30000,,,Remaing 28000 will be paid next month
13-February-2026,Delivery,-,2500,,2500,,
14-February-2026,Recieved from Monis,-,,7000,,7000,For CCTV cameras
14-February-2026,CCTV camera installation initial,-,30000,,30000,,
15-February-2026,Baseen + Vet chages for new female fone brown abluk teddy,-,3500,,3500,,
16-February-2026,Muhib vet charges for ppr infected goat,-,2500,,2500,,
16-February-2026,Recieved from Monis,-,,9000,,9000,
16-February-2026,CCTV camera installation remaining,-,5500,,5500,,
17-February-2026,Muhib vet charges for ppr infected goat,-,2000,,2000,,
18-February-2026,Barseen,-,2000,,2000,,
19-February-2026,"Billo rani gave birth to male teddy brown abluk, medium ears",-,-,,-,,
21-February-2026,Gulabo gave birth to double passa black abluk male bissar,-,-,,-,,
21-February-2026,Barseen,-,2000,,2000,,
24-February-2026,Paid Goatherd,-,5000,,5000,,Remaing 20000
27-February-2025,Cookie died,-,-,,-,,
27-February-2026,Muhib vet charges,-,2000,,2000,,
27-February-2026,Paid Goatherd,-,20000,,20000,,
27-February-2026,Barseen,-,2000,,2000,,
28-February-2026,Almox LA 100ml,100 ml,1000,,1000,,
28-February-2026,Penacort 50ml,50 ml,900,,900,,
28-February-2026,Liver Vaccine (Nitroxynil),100 ml,3500,,3500,,
28-February-2026,ETV Vaccine,20 ml,2000,,2000,,
28-February-2026,Deviser Plus,3 x 100ml,1200,,1200,,
28-February-2026,Soyabean meal,15kg ,4200,,4200,,
28-February-2026,Peanuts missa ,80kg ,6000,,6000,,
28-February-2026,Gawar missa,80kg ,3600,,3600,,
28-February-2026,Delivery,-,1500,,1500,,
28-February-2026,Purchase bella from awais bhai,-,68000,68000,,,
28-February-2026,Saad profit for awais bhai 2 female goats (fazeel),-,,-10000,,-10000,We bought 1 female from fazeel for 55k and sold it in 75k
1-March-2026,Guddu slaughtered,-,-,,-,,
1-March-2026,Guddu palai monis bhai share (1 month),-,-,-3500,-,-3500,
2-March-2026,CCTV DVR changed,-,2000,,2000,,
2-March-2026,Monis share (Arsalan 2 goats palai),-,,7000,,7000,
4-March-2026,Monis share (Awais 3 goats palai),-,,10500,,10500,
4-March-2026,Channa chilka,160kg,20400,,20400,,
4-March-2026,Chokar,136kg,9600,,9600,,
4-March-2026,Gandum,100kg,11600,,11600,,
4-March-2026,Delivery,-,1300,,1300,,
4-March-2026,"Bella gave birth, one deformed and other is brown abluk with mostly white and small patches around neck and tail",-,-,,-,,
6-March-2026,Bella died,-,-,,-,,
12-March-2026,Queen give birth to full white teddy female,-,-,,-,,
12-March-2026,Vet charges for queen + care taker,-,4000,,4000,,
13-March-2026,Queen's kid died,-,-,,-,,
15-March-2026,"Delivery charges for 5 male goats (bunty, bistcuit, hero, monu, sonu), and 2 female (grace and lallo) to and from chatni goat farm",-,9000,9000,,,
15-March-2026,Bunty palai monis bhai share (5 month),-,,17500,,17500,
16-March-2026,Palai for grace and lallo (Chatni),-,20000,,20000,,
20-March-2026,Recieved from Monis,-,5000,,5000,,
20-March-2026,Paid Goatherd,-,5000,,5000,,
26-March-2026,Makai dana,80kg,8000,,8000,,
26-March-2026,Khal,40kg,3750,,3750,,
26-March-2026,Soyabean chilka,30kg,2400,,2400,,
26-March-2026,Delivery,-,1300,,1300,,
28-March-2026,Crane weight scale,-,5500,,5500,,
28-March-2026,Delivery ,-,300,,300,,
28-March-2026,Paid Goatherd,-,20000,,20000,,
1-April-2026,Saad profit for awais bhai 1 female goats (shazaib),-,,-6000,,-6000,We bought 1 balck teddy female from shazaib for 40k and sold it in 50k
5-April-2026,Monis share (Awais 4 goats palai),-,,14000,,14000,Awais bhai transfer 13k and 15k was transfered by Monis.
7-April-2026,Water + ORS + Jantar,-,7000,,7000,,
11-April-2026,Paid Goatherd,-,8000,,8000,,
11-April-2026,"Ajrak teddy female 12 months crossed with abluk breeder, long ear, seeng",-,41000,41000,,,
11-April-2026,Delivery,-,2000,2000,,,
11-April-2026,Recieved from Monis,-,,20000,,20000,
13-April-2026,Chokar,68kg,5400,,5400,,
14-April-2026,Lysovit + Jatepar,4+4,2500,,2500,,
17-April-2026,Jantar,-,6000,,6000,,
20-April-2026,Recieved from Monis,-,,8000,,8000,
20-April-2026,"Ultrasound for grace, coco, gudrya, lallo and titli",-,4500,,4500,,
20-April-2026,Jantar,-,1000,,1000,,
25-April-2026,Recieved from Monis,-,,3000,,3000,
25-April-2026,Jantar,-,2000,,2000,,
28-April-2026,Paid Goatherd,-,25000,,25000,,
28-April-2026,Jantar,-,5000,,5000,,
1-May-2026,Chokar,68kg,6400,,6400,,
1-May-2026,Makai  ,50kg,5300,,5300,,
1-May-2026,Channa Chilka,40kg,6100,,6100,,
1-May-2026,Khal,30kg,3600,,3600,,
2-May-2026,Monis share (Awais 4 goats palai),-,,14000,,14000,
4-May-2026,Jantar,-,5000,,5000,,
6-May-2026,Inj cyclomate,2ml,180,,180,,
6-May-2026,Heavy Gold Mineral Mix,20kg,13500,,13500,,
6-May-2026,Hoof cutter,-,2000,,2000,,
6-May-2026,Needles,5,125,,125,,
6-May-2026,Zyodine,50ml,150,,150,,
6-May-2026,Hepta safe,1ltr,840,,840,,
7-May-2026,Delivery (without heavy gold),-,400,,400,,
8-May-2026,Jantar,-,5000,,5000,,
11-May-2026,"Lallo gave birth full white, white eye male teddy",-,-,,-,,
13-May-2026,Jantar,-,5000,,5000,,
13-May-2026,Inj cyclomate,2x2ml,360,,360,,
13-May-2026,Inj Conceptal,10ml,980,,980,,
13-May-2026,Delivery,-,200,,200,,
15-May-2026,Arsalan bhai goat palai chatni for 2 goats,-,,12000,,12000,"Chatni palai is 10k per goat, arsalan gave 7k"
15-May-2026,Hero and Biscuit palai chatni,-,,36000,,36000,Chatni palai is 9k per goat
15-May-2026,Hero profit (Saad),-,,-35000,,-35000,Sold for 75k from chatni
17-May-2026,Channa Chilka (Chatni),60kg,9600,9600,,,
17-May-2026,Chokar (Chatni),34kg,3000,3000,,,
17-May-2026,Gandum (Chatni),50kg,6000,6000,,,
18-May-2026,Recieved from Monis,-,,7000,,7000,
18-May-2026,Jantar,-,5000,,5000,,
21-May-2026,Jantar,-,5000,,5000,,
24-May-2026,Jantar,-,7000,,7000,,
24-May-2026,Biscuit profit (Monis),-,,30000,,30000,Sold for 60k to Arsalan
25-May-2026,Electricity Bill,-,18456,,18456,,
25-May-2026,Chatni balance adjustment,-,9000,9000,,,40000 (gulabis) + ours (35000) + 9000 (10 days for 3 goats)
26-May-2026,Paid Goatherd,-,17000,,17000,, 
31-May-2026,Khur making + Jantar,-,5000,,5000,,
4-June-2026,Jantar + Water,-,5000,,5000,,
4-June-2026,Awais bhai small cheena teddy delivery,-,2000,2000,,,
4-June-2026,Recieved from Monis,-,,5000,,5000,
5-June-2026,Monis share (Awais 5 goats palai),-,,17500,,17500,
5-June-2026,Channa Chilka,200kg,31500,,31500,,
5-June-2026,Chokar,102kg,8400,,8400,,
5-June-2026,Gandum,100kg,12000,,12000,,
5-June-2026,Delivey,-,2000,,2000,,
8-June-2026,Saad share of brownie,-,,-39000,,-39000,Brownie sold to Asad Abbas punjab (Fazeel reference) for 78000/-
8-June-2026,Black abluk teddy breeder fresh 8 teeth (shaheer),-,70000,70000,,,Purchased from shaheer remaining 40k will be paid in 1 month.
8-June-2026,Recieved from Monis,-,,5500,,5500,
8-June-2026,Jantar,-,5000,,5000,,
9-June-2026,Recieved from Monis,-,,2000,,2000,
9-June-2026,Paid delivery of black abluk teddy breeder (shaheer),-,3000,,3000,,
10-June-2026,Recieved from Monis,-,,10000,,10000,
10-June-2026,Jantar,-,10000,,10000,,
14-June-2026,Exchange new red cheena female with queen,-,-,,-,,Exchange with awais bhai goat because of severe weekness
14-June-2026,Grace crossed with shelby,-,-,,-,,
15-June-2026,Titli crossed with shelby,-,-,,-,,
16-June-2026,Recieved from Monis,-,,5000,,5000,
16-June-2026,Gulabo on heat,-,-,,-,,
17-June-2026,Paro crossed with shelby,-,-,,-,,
17-June-2026,Jantar,-,5000,,5000,,
18-June-2026,Gurdya and queen crossed with shelby,-,-,,-,,
19-June-2026,Recieved from Monis,-,,5000,,5000,Transfered 20k to my meezan - 15k for zakaat for mumtaz bhai
19-June-2026,Jantar,-,5000,,5000,,
19-June-2026,Chocolate and queen crossed with shelby,-,-,,-,,
22-June-2026,Paro crossed with shelby again,-,-,,-,,
23-June-2026,Jantar,-,5000,,5000,,
27-June-2026,Jantar,-,5000,,5000,,
28-June-2026,Water,-,500,,500,,
28-June-2026,Paid goatherd,-,5000,,5000,,
29-June-2026,Bilorani and bruno sold (Saad's share),-,,-32500,,-32500,Sold for 65000 with delivery
29-June-2026,Bilorani and bruno delivery charges,-,3000,3000,,,
29-June-2026,Paid shelby breeder reamining (Shaheer),-,40000,40000,,,
29-June-2026,Recieved from Monis,-,,25000,,25000,
29-June-2026,Paid goatherd,-,20000,,20000,,
1-July-2026,Jantar,-,15000,,15000,,
3-July-2026,Monis share (Awais bhai palai),5,,17500,,17500,
3-July-2026,Ultrasound,5,4000,,4000,,
6-July-2026,Recieved from Monis,-,,40000,,40000,
11-July-2026,"Delivery for gulabo, leo, bhola and sheezada",-,,3000,,3000,
12-July-2026,Jantar,-,5000,,5000,,
12-July-2026,Return delivery for leo,-,2000,,2000,,
12-July-2026,Sheezada Sold (My share),-,,-16500,,-16500,
13-July-2026,Bubbly crossed with shelby,-,,,,,
14-July-2026,Bubbly crossed with shelby,-,,,,,
15-July-2026,Jantar,-,5000,,5000,,
16-July-2026,Bhola Sold (My share),-,,-12000,,-12000,Sold for 25000 and 1000 less for delivery
21-July-2026,Recieved from Monis,-,,54000,,54000,
21-July-2026,Jantar,-,5000,,5000,,
22-July-2026,Jantar,-,4000,,4000,,
23-July-2026,Channa Chilka,140kg,19250,,19250,,
23-July-2026,Chokar,68kg,5300,,5300,,
23-July-2026,Gandum,50kg,6500,,6500,,
23-July-2026,Delivery,-,1500,,1500,,
24-July-2026,Electricity Bill,-,2333,,2333,,
,,,3321422,1852958,2174322,705858,
,,Divide by 2,1660711,,,,
,,Monis's Share,1852958,,,,
,,Saad's Shares,1468464,,,,
,,Monis Difference,192247,,,,
,,Saad Difference,-192247,,,,